{"name":"40347ce8-428d-4fc4-8c7b-29efe8930e39","id":"/providers/Microsoft.Flow/flows/40347ce8-428d-4fc4-8c7b-29efe8930e39","type":"Microsoft.Flow/flows","properties":{"apiId":"/providers/Microsoft.PowerApps/apis/shared_logicflows","displayName":"Http -> HTTP","definition":{"metadata":{"workflowEntityId":null,"creator":{"id":"ce655337-d609-4d3a-a781-8158e582540a","type":"User","tenantId":"03a9c8e8-a6ce-44e8-b1f6-bb28cdc6b70d"},"provisioningMethod":"FromDefinition","failureAlertSubscription":true,"clientLastModifiedTime":"2019-09-19T10:50:19.0936824Z"},"$schema":"https://schema.management.azure.com/providers/Microsoft.Logic/schemas/2016-06-01/workflowdefinition.json#","contentVersion":"1.0.0.0","parameters":{"$authentication":{"defaultValue":{},"type":"SecureObject"}},"triggers":{"manual":{"type":"Request","kind":"Http","inputs":{"schema":{"type":"object","properties":{"webUrl":{"type":"string"},"parameters":{"type":"object","properties":{"event":{"type":"string"},"product":{"type":"string"}}},"webDescription":{"type":"string"},"creatorName":{"type":"string"},"creatorEmail":{"type":"string"},"createdTimeUTC":{"type":"string"}}}}}},"actions":{"HTTP":{"runAfter":{},"type":"Http","inputs":{"method":"POST","uri":"https://biwug2019001.azurewebsites.net/api/HttpTriggerPnPjs","body":{"webUrl":"@triggerBody()?['webUrl']"}}}},"outputs":{}},"connectionReferences":{},"flowFailureAlertSubscribed":false}}